<?xml version="1.0" encoding="UTF-8" ?>
<!-- Generated by Oracle SOA Modeler version 12.1.3.0.1 at [6/8/16 3:22 PM]. -->
<composite name="SetTitleMediator"
           revision="1.0"
           label="2016-06-08_15-22-19_269"
           mode="active"
           state="on"
           xmlns="http://xmlns.oracle.com/sca/1.0"
           xmlns:xs="http://www.w3.org/2001/XMLSchema"
           xmlns:wsp="http://schemas.xmlsoap.org/ws/2004/09/policy"
           xmlns:orawsp="http://schemas.oracle.com/ws/2006/01/policy"
           xmlns:ui="http://xmlns.oracle.com/soa/designer/"
           xmlns:sca-ext="http://xmlns.oracle.com/sca/1.0-ext">
  <import namespace="http://xmlns.oracle.com/SetTitleApplication/SetTitleMediator/Mediator1"
          location="WSDLs/Mediator1.wsdl" importType="wsdl"/>
  <service name="Mediator1_ep" ui:wsdlLocation="WSDLs/Mediator1.wsdl">
    <interface.wsdl interface="http://xmlns.oracle.com/SetTitleApplication/SetTitleMediator/Mediator1#wsdl.interface(execute_ptt)"/>
    <binding.ws port="http://xmlns.oracle.com/SetTitleApplication/SetTitleMediator/Mediator1#wsdl.endpoint(Mediator1_ep/execute_pt)"/>
  </service>
  <property name="productVersion" type="xs:string" many="false">12.1.3.0.1</property>
  <property name="compositeID" type="xs:string" many="false">41e6d2ac-9691-44f0-95ba-0345c5c9fcfc</property>
  <component name="Mediator1">
    <implementation.mediator src="Mediators/Mediator1.mplan"/>
    <componentType>
      <service name="Mediator1" ui:wsdlLocation="WSDLs/Mediator1.wsdl">
        <interface.wsdl interface="http://xmlns.oracle.com/SetTitleApplication/SetTitleMediator/Mediator1#wsdl.interface(execute_ptt)"/>
      </service>
    </componentType>
  </component>
  <wire>
    <source.uri>Mediator1_ep</source.uri>
    <target.uri>Mediator1/Mediator1</target.uri>
  </wire>
</composite>
