<?xml version="1.0" encoding="UTF-8" ?>
<!-- Generated by Oracle SOA Modeler version 12.1.3.0.1 at [6/8/16 1:15 PM]. -->
<composite name="SetTitleProject"
           revision="1.0"
           label="2016-06-08_13-15-18_900"
           mode="active"
           state="on"
           xmlns="http://xmlns.oracle.com/sca/1.0"
           xmlns:xs="http://www.w3.org/2001/XMLSchema"
           xmlns:wsp="http://schemas.xmlsoap.org/ws/2004/09/policy"
           xmlns:orawsp="http://schemas.oracle.com/ws/2006/01/policy"
           xmlns:ui="http://xmlns.oracle.com/soa/designer/"
           xmlns:sca-ext="http://xmlns.oracle.com/sca/1.0-ext">
  <import namespace="http://xmlns.oracle.com/SetTitleApplication/SetTitleProject/BPELProcess1"
          location="WSDLs/BPELProcess1.wsdl" importType="wsdl"/>
  <service name="bpelprocess1_client_ep" ui:wsdlLocation="WSDLs/BPELProcess1.wsdl">
    <interface.wsdl interface="http://xmlns.oracle.com/SetTitleApplication/SetTitleProject/BPELProcess1#wsdl.interface(BPELProcess1)"/>
    <binding.ws port="http://xmlns.oracle.com/SetTitleApplication/SetTitleProject/BPELProcess1#wsdl.endpoint(bpelprocess1_client_ep/BPELProcess1_pt)"/>
  </service>
  <property name="productVersion" type="xs:string" many="false">12.1.3.0.1</property>
  <property name="compositeID" type="xs:string" many="false">2fd1b6fb-54f5-4b20-bb47-0ef3239a4661</property>
  <component name="BPELProcess1" version="2.0">
    <implementation.bpel src="BPEL/BPELProcess1.bpel"/>
    <componentType>
      <service name="bpelprocess1_client" ui:wsdlLocation="WSDLs/BPELProcess1.wsdl">
        <interface.wsdl interface="http://xmlns.oracle.com/SetTitleApplication/SetTitleProject/BPELProcess1#wsdl.interface(BPELProcess1)"/>
      </service>
    </componentType>
    <property name="bpel.config.transaction" type="xs:string" many="false">required</property>
  </component>
  <wire>
    <source.uri>bpelprocess1_client_ep</source.uri>
    <target.uri>BPELProcess1/bpelprocess1_client</target.uri>
  </wire>
</composite>
